,,,10 FT,,,20 FT,,,40 FT,,,기타,,,TEU,,
조회년도,조회월,국적선구분,적,공,계,적,공,계,적,공,계,적,공,계,적,공,계
합계,,,"50,008","41,589","91,597","57,902,892","12,284,372","70,187,264","76,956,996","14,701,311","91,658,307","454,447","203,628","658,075","212,864,055","42,165,844","255,029,898"
2012,12,계,"1,387",584,"1,971","359,191","80,518","439,709","401,376","84,007","485,383","4,190","1,208","5,398","1,172,064","251,542","1,423,606"
,,국적선,"1,087",356,"1,443","53,113","16,446","69,559","44,228","12,878","57,106",64,0,64,"142,257","42,380","184,637"
,,외국선,300,228,528,"306,078","64,072","370,150","357,148","71,129","428,277","4,126","1,208","5,334","1,029,808","209,162","1,238,970"
2013,01,계,"1,060",523,"1,583","356,157","78,038","434,195","393,441","77,498","470,939","5,058","1,457","6,515","1,154,950","236,574","1,391,523"
,,국적선,770,320,"1,090","51,796","13,118","64,914","43,174","12,026","55,200",59,0,59,"138,662","37,330","175,992"
,,외국선,290,203,493,"304,361","64,920","369,281","350,267","65,472","415,739","4,999","1,457","6,456","1,016,288","199,244","1,215,532"
,02,계,523,482,"1,005","324,282","75,624","399,906","362,876","78,647","441,523","4,952","1,439","6,391","1,061,438","236,397","1,297,834"
,,국적선,255,311,566,"49,643","12,564","62,207","41,927","11,984","53,911",125,0,125,"133,906","36,688","170,593"
,,외국선,268,171,439,"274,639","63,060","337,699","320,949","66,663","387,612","4,827","1,439","6,266","927,532","199,709","1,127,241"
,03,계,527,557,"1,084","408,029","83,951","491,980","433,755","94,836","528,591","4,071","1,054","5,125","1,284,962","276,273","1,561,235"
,,국적선,200,293,493,"59,347","12,859","72,206","48,752","13,113","61,865",88,0,88,"157,149","39,232","196,381"
,,외국선,327,264,591,"348,682","71,092","419,774","385,003","81,723","466,726","3,983","1,054","5,037","1,127,813","237,042","1,364,855"
,04,계,539,522,"1,061","393,846","83,393","477,239","434,056","97,438","531,494","4,250","1,653","5,903","1,271,790","282,249","1,554,039"
,,국적선,242,327,569,"55,805","12,996","68,801","48,210","11,955","60,165",49,2,51,"152,456","37,074","189,530"
,,외국선,297,195,492,"338,041","70,397","408,438","385,846","85,483","471,329","4,201","1,651","5,852","1,119,334","245,175","1,364,509"
,05,계,464,374,838,"399,392","83,423","482,815","418,666","88,493","507,159","3,769","2,137","5,906","1,245,436","265,404","1,510,841"
,,국적선,228,212,440,"53,606","13,451","67,057","44,929","12,250","57,179",58,21,79,"143,709","38,104","181,813"
,,외국선,236,162,398,"345,786","69,972","415,758","373,737","76,243","449,980","3,711","2,116","5,827","1,101,728","227,300","1,329,028"
,06,계,447,256,703,"393,985","76,515","470,500","420,531","83,494","504,025","3,959","2,545","6,504","1,244,178","249,357","1,493,536"
,,국적선,281,164,445,"59,501","12,655","72,156","50,765","13,201","63,966",109,1,110,"161,417","39,141","200,558"
,,외국선,166,92,258,"334,484","63,860","398,344","369,766","70,293","440,059","3,850","2,544","6,394","1,082,762","210,216","1,292,978"
,07,계,618,327,945,"396,268","84,369","480,637","426,859","84,469","511,328","4,035","2,075","6,110","1,259,374","258,139","1,517,513"
,,국적선,377,188,565,"55,023","12,794","67,817","46,041","12,480","58,521",44,0,44,"147,393","37,848","185,241"
,,외국선,241,139,380,"341,245","71,575","412,820","380,818","71,989","452,807","3,991","2,075","6,066","1,111,981","220,291","1,332,273"
,08,계,573,336,909,"375,975","87,179","463,154","408,372","78,408","486,780","4,224","2,113","6,337","1,202,510","248,917","1,451,427"
,,국적선,310,163,473,"54,202","13,575","67,777","44,804","11,544","56,348",95,3,98,"144,179","36,751","180,930"
,,외국선,263,173,436,"321,773","73,604","395,377","363,568","66,864","430,432","4,129","2,110","6,239","1,058,331","212,166","1,270,497"
,09,계,541,359,900,"362,813","78,437","441,250","401,938","77,018","478,956","4,079","2,395","6,474","1,176,137","238,041","1,414,179"
,,국적선,288,165,453,"53,921","12,501","66,422","43,907","11,867","55,774",149,54,203,"142,214","36,439","178,653"
,,외국선,253,194,447,"308,892","65,936","374,828","358,031","65,151","423,182","3,930","2,341","6,271","1,033,923","201,602","1,235,525"
,10,계,579,426,"1,005","377,211","80,067","457,278","412,304","83,026","495,330","4,153","1,886","6,039","1,211,453","250,576","1,462,028"
,,국적선,277,237,514,"51,727","11,295","63,022","42,833","12,423","55,256",111,18,129,"137,781","36,300","174,081"
,,외국선,302,189,491,"325,484","68,772","394,256","369,471","70,603","440,074","4,042","1,868","5,910","1,073,672","214,276","1,287,947"
,11,계,538,397,935,"386,747","77,037","463,784","418,098","87,108","505,206","3,800","2,243","6,043","1,231,762","256,498","1,488,260"
,,국적선,268,229,497,"56,255","12,563","68,818","43,175","11,509","54,684",64,4,68,"142,883","35,705","178,588"
,,외국선,270,168,438,"330,492","64,474","394,966","374,923","75,599","450,522","3,736","2,239","5,975","1,088,879","220,794","1,309,673"
,12,계,483,401,884,"407,929","77,669","485,598","435,704","85,712","521,416","4,539","2,044","6,583","1,289,791","253,893","1,543,684"
,,국적선,238,231,469,"57,105","13,896","71,001","45,524","12,243","57,767",185,7,192,"148,688","38,513","187,202"
,,외국선,245,170,415,"350,824","63,773","414,597","390,180","73,469","463,649","4,354","2,037","6,391","1,141,103","215,379","1,356,482"
2014,01,계,432,463,895,"389,618","80,690","470,308","432,708","82,909","515,617","5,233","1,727","6,960","1,267,024","250,625","1,517,650"
,,국적선,218,315,533,"57,945","13,190","71,135","46,642","12,437","59,079",77,7,84,"151,511","38,237","189,749"
,,외국선,214,148,362,"331,673","67,500","399,173","386,066","70,472","456,538","5,156","1,720","6,876","1,115,513","212,388","1,327,901"
,02,계,456,341,797,"329,852","71,236","401,088","380,761","77,441","458,202","4,840","1,796","6,636","1,102,492","230,330","1,332,822"
,,국적선,251,225,476,"46,349","11,350","57,699","39,812","10,943","50,755",68,10,78,"126,252","33,371","159,623"
,,외국선,205,116,321,"283,503","59,886","343,389","340,949","66,498","407,447","4,772","1,786","6,558","976,241","196,959","1,173,199"
,03,계,482,374,856,"425,701","82,915","508,616","452,454","86,275","538,729","4,525","2,699","7,224","1,341,031","261,725","1,602,756"
,,국적선,166,194,360,"62,391","13,423","75,814","51,180","12,095","63,275",114,0,114,"165,091","37,710","202,801"
,,외국선,316,180,496,"363,310","69,492","432,802","401,274","74,180","475,454","4,411","2,699","7,110","1,175,941","224,015","1,399,956"
,04,계,471,535,"1,006","413,141","84,251","497,392","460,368","76,493","536,861","3,834","2,548","6,382","1,342,739","243,238","1,585,977"
,,국적선,258,370,628,"58,800","15,247","74,047","46,885","13,095","59,980",95,13,108,"152,913","41,651","194,564"
,,외국선,213,165,378,"354,341","69,004","423,345","413,483","63,398","476,881","3,739","2,535","6,274","1,189,826","201,586","1,391,413"
,05,계,436,316,752,"398,360","89,548","487,908","447,450","92,722","540,172","3,849","2,645","6,494","1,302,138","281,101","1,583,240"
,,국적선,252,211,463,"56,196","16,765","72,961","46,730","12,575","59,305",132,65,197,"150,079","42,167","192,246"
,,외국선,184,105,289,"342,164","72,783","414,947","400,720","80,147","480,867","3,717","2,580","6,297","1,152,059","238,935","1,390,994"
,06,계,386,279,665,"414,910","92,697","507,607","448,445","88,945","537,390","3,612","3,139","6,751","1,320,120","277,789","1,597,909"
,,국적선,268,201,469,"60,008","17,708","77,716","48,161","13,597","61,758",66,8,74,"156,613","45,021","201,633"
,,외국선,118,78,196,"354,902","74,989","429,891","400,284","75,348","475,632","3,546","3,131","6,677","1,163,508","232,769","1,396,276"
,07,계,412,320,732,"414,074","89,239","503,313","447,628","90,144","537,772","3,741","2,260","6,001","1,317,953","274,772","1,592,725"
,,국적선,208,195,403,"57,122","15,685","72,807","46,092","12,865","58,957",95,94,189,"149,624","41,724","191,348"
,,외국선,204,125,329,"356,952","73,554","430,506","401,536","77,279","478,815","3,646","2,166","5,812","1,168,330","233,048","1,401,378"
,08,계,408,311,719,"406,210","86,980","493,190","439,919","89,239","529,158","3,931","2,289","6,220","1,295,097","270,764","1,565,861"
,,국적선,220,179,399,"58,367","14,972","73,339","45,501","12,396","57,897",51,15,66,"149,594","39,887","189,481"
,,외국선,188,132,320,"347,843","72,008","419,851","394,418","76,843","471,261","3,880","2,274","6,154","1,145,503","230,877","1,376,380"
,09,계,418,286,704,"393,761","89,334","483,095","427,490","86,122","513,612","3,632","1,570","5,202","1,257,122","265,254","1,522,376"
,,국적선,206,171,377,"57,406","17,009","74,415","45,851","12,769","58,620",92,0,92,"149,418","42,633","192,051"
,,외국선,212,115,327,"336,355","72,325","408,680","381,639","73,353","454,992","3,540","1,570","5,110","1,107,704","222,621","1,330,325"
,10,계,463,341,804,"406,117","91,856","497,973","448,714","101,245","549,959","3,677","1,406","5,083","1,312,050","297,680","1,609,729"
,,국적선,199,196,395,"59,370","15,179","74,549","49,465","12,985","62,450",124,90,214,"158,679","41,449","200,128"
,,외국선,264,145,409,"346,747","76,677","423,424","399,249","88,260","487,509","3,553","1,316","4,869","1,153,371","256,231","1,409,602"
,11,계,447,380,827,"401,184","91,600","492,784","432,443","107,899","540,342","3,278","1,909","5,187","1,273,669","311,882","1,585,551"
,,국적선,214,209,423,"57,060","16,160","73,220","48,245","13,400","61,645",56,5,61,"153,783","43,074","196,857"
,,외국선,233,171,404,"344,124","75,440","419,564","384,198","94,499","478,697","3,222","1,904","5,126","1,119,886","268,808","1,388,694"
,12,계,437,435,872,"408,691","84,031","492,722","445,724","94,176","539,900","4,209","1,894","6,103","1,309,828","276,862","1,586,690"
,,국적선,202,269,471,"56,595","13,940","70,535","45,872","11,443","57,315",120,13,133,"148,710","36,990","185,700"
,,외국선,235,166,401,"352,096","70,091","422,187","399,852","82,733","482,585","4,089","1,881","5,970","1,161,118","239,872","1,400,990"
2015,01,계,353,340,693,"415,017","88,237","503,254","446,903","103,279","550,182","4,290","2,911","7,201","1,318,652","301,493","1,620,145"
,,국적선,169,210,379,"56,553","14,399","70,952","44,369","11,789","56,158",70,10,80,"145,533","38,105","183,638"
,,외국선,184,130,314,"358,464","73,838","432,302","402,534","91,490","494,024","4,220","2,901","7,121","1,173,119","263,388","1,436,507"
,02,계,339,322,661,"385,320","85,424","470,744","437,547","87,533","525,080","4,435","1,809","6,244","1,270,562","264,721","1,535,284"
,,국적선,142,222,364,"50,664","13,310","63,974","39,852","9,713","49,565",60,0,60,"130,574","32,847","163,421"
,,외국선,197,100,297,"334,656","72,114","406,770","397,695","77,820","475,515","4,375","1,809","6,184","1,139,988","231,874","1,371,863"
,03,계,381,461,842,"430,192","93,393","523,585","478,074","101,839","579,913","3,370","1,191","4,561","1,394,113","299,981","1,694,094"
,,국적선,121,178,299,"62,097","16,260","78,357","48,951","12,589","61,540",126,118,244,"160,343","41,793","202,136"
,,외국선,260,283,543,"368,095","77,133","445,228","429,123","89,250","518,373","3,244","1,073","4,317","1,233,770","258,189","1,491,959"
,04,계,424,463,887,"417,062","93,030","510,092","478,344","94,872","573,216","3,377","2,024","5,401","1,381,560","287,560","1,669,120"
,,국적선,172,269,441,"55,390","13,505","68,895","45,390","10,262","55,652",56,20,76,"146,382","34,209","180,591"
,,외국선,252,194,446,"361,672","79,525","441,197","432,954","84,610","517,564","3,321","2,004","5,325","1,235,178","253,351","1,488,529"
,05,계,390,322,712,"416,042","95,529","511,571","462,123","99,917","562,040","3,769","1,175","4,944","1,348,963","298,168","1,647,131"
,,국적선,173,175,348,"55,938","13,660","69,598","45,614","10,118","55,732",99,0,99,"147,475","33,984","181,459"
,,외국선,217,147,364,"360,104","81,869","441,973","416,509","89,799","506,308","3,670","1,175","4,845","1,201,488","264,184","1,465,672"
,06,계,345,248,593,"417,998","86,180","504,178","458,403","84,364","542,767","3,529","1,826","5,355","1,342,917","259,141","1,602,057"
,,국적선,188,165,353,"58,376","15,649","74,025","45,110","11,092","56,202",59,2,61,"148,823","37,920","186,743"
,,외국선,157,83,240,"359,622","70,531","430,153","413,293","73,272","486,565","3,470","1,824","5,294","1,194,094","221,221","1,415,315"
,07,계,410,395,805,"419,006","86,199","505,205","464,618","81,745","546,363","3,646","1,138","4,784","1,356,651","252,447","1,609,098"
,,국적선,170,169,339,"57,947","14,844","72,791","45,835","10,976","56,811",83,0,83,"149,889","36,881","186,769"
,,외국선,240,226,466,"361,059","71,355","432,414","418,783","70,769","489,552","3,563","1,138","4,701","1,206,762","215,567","1,422,328"
,08,계,370,301,671,"403,182","88,039","491,221","470,352","97,973","568,325","4,278","2,281","6,559","1,353,697","289,268","1,642,964"
,,국적선,156,124,280,"58,636","16,122","74,758","49,321","12,961","62,282",150,12,162,"157,694","42,133","199,827"
,,외국선,214,177,391,"344,546","71,917","416,463","421,031","85,012","506,043","4,128","2,269","6,397","1,196,003","247,135","1,443,138"
,09,계,408,367,775,"406,617","81,676","488,293","468,798","84,856","553,654","4,236","2,530","6,766","1,353,948","257,264","1,611,212"
,,국적선,178,210,388,"58,034","14,390","72,424","46,540","11,298","57,838",144,0,144,"151,527","37,091","188,618"
,,외국선,230,157,387,"348,583","67,286","415,869","422,258","73,558","495,816","4,092","2,530","6,622","1,202,421","220,173","1,422,594"
,10,계,517,502,"1,019","405,300","93,199","498,499","465,891","97,968","563,859","3,925","3,277","7,202","1,346,172","296,759","1,642,931"
,,국적선,255,283,538,"59,590","17,206","76,796","50,157","12,058","62,215",101,24,125,"160,259","41,518","201,776"
,,외국선,262,219,481,"345,710","75,993","421,703","415,734","85,910","501,644","3,824","3,253","7,077","1,185,913","255,242","1,441,155"
,11,계,398,372,770,"390,398","79,346","469,744","438,446","90,604","529,050","3,313","1,875","5,188","1,274,943","264,959","1,539,902"
,,국적선,162,203,365,"58,793","14,180","72,973","47,414","11,823","59,237",75,13,88,"153,871","37,957","191,828"
,,외국선,236,169,405,"331,605","65,166","396,771","391,032","78,781","469,813","3,238","1,862","5,100","1,121,073","227,002","1,348,075"
,12,계,363,428,791,"413,970","88,878","502,848","462,479","107,777","570,256","3,212","1,691","4,903","1,346,337","308,451","1,654,787"
,,국적선,143,276,419,"57,509","15,234","72,743","46,903","13,103","60,006",134,32,166,"151,688","41,650","193,338"
,,외국선,220,152,372,"356,461","73,644","430,105","415,576","94,674","510,250","3,078","1,659","4,737","1,194,649","266,801","1,461,449"
2016,01,계,419,375,794,"397,294","89,665","486,959","445,510","102,805","548,315","3,563","1,736","5,299","1,296,540","299,369","1,595,909"
,,국적선,173,211,384,"59,535","15,830","75,365","46,571","11,905","58,476",122,0,122,"153,038","39,746","192,784"
,,외국선,246,164,410,"337,759","73,835","411,594","398,939","90,900","489,839","3,441","1,736","5,177","1,143,502","259,623","1,403,125"
,02,계,372,371,743,"385,851","84,825","470,676","448,792","93,453","542,245","4,140",881,"5,021","1,292,936","273,899","1,566,835"
,,국적선,157,249,406,"53,957","16,858","70,815","44,741","11,110","55,851",50,3,53,"143,630","39,209","182,839"
,,외국선,215,122,337,"331,894","67,967","399,861","404,051","82,343","486,394","4,090",878,"4,968","1,149,306","234,690","1,383,996"
,03,계,394,406,800,"421,953","87,340","509,293","469,386","93,593","562,979","3,483",941,"4,424","1,368,759","276,846","1,645,605"
,,국적선,142,214,356,"63,291","15,924","79,215","52,001","13,509","65,510",39,31,70,"167,452","43,119","210,571"
,,외국선,252,192,444,"358,662","71,416","430,078","417,385","80,084","497,469","3,444",910,"4,354","1,201,307","233,728","1,435,035"
,04,계,370,441,811,"401,886","87,339","489,225","458,361","84,194","542,555","3,271","1,176","4,447","1,326,153","258,594","1,584,746"
,,국적선,161,212,373,"59,261","15,153","74,414","48,416","12,084","60,500",87,21,108,"156,369","39,474","195,844"
,,외국선,209,229,438,"342,625","72,186","414,811","409,945","72,110","482,055","3,184","1,155","4,339","1,169,784","219,119","1,388,903"
,05,계,313,319,632,"411,348","92,878","504,226","474,199","84,798","558,997","3,343","1,105","4,448","1,367,424","265,120","1,632,544"
,,국적선,141,155,296,"58,522","17,805","76,327","49,223","11,587","60,810",26,37,63,"157,097","41,140","198,237"
,,외국선,172,164,336,"352,826","75,073","427,899","424,976","73,211","498,187","3,317","1,068","4,385","1,210,327","223,980","1,434,307"
,06,계,308,272,580,"401,481","93,492","494,973","462,313","86,349","548,662","3,946",584,"4,530","1,335,140","267,640","1,602,780"
,,국적선,145,146,291,"58,356","16,527","74,883","49,432","12,212","61,644",103,4,107,"157,524","41,033","198,557"
,,외국선,163,126,289,"343,125","76,965","420,090","412,881","74,137","487,018","3,843",580,"4,423","1,177,615","226,607","1,404,222"
,07,계,346,307,653,"416,825","90,889","507,714","497,059","93,591","590,650","4,131","1,240","5,371","1,420,411","281,015","1,701,425"
,,국적선,152,164,316,"64,451","18,941","83,392","51,761","12,811","64,572",117,39,156,"168,312","44,733","213,045"
,,외국선,194,143,337,"352,374","71,948","424,322","445,298","80,780","526,078","4,014","1,201","5,215","1,252,099","236,282","1,488,380"
,08,계,291,290,581,"392,622","95,768","488,390","472,262","92,444","564,706","4,522","1,323","5,845","1,347,466","283,778","1,631,244"
,,국적선,126,153,279,"61,255","20,579","81,834","50,790","13,851","64,641",57,25,82,"163,026","48,414","211,440"
,,외국선,165,137,302,"331,367","75,189","406,556","421,472","78,593","500,065","4,465","1,298","5,763","1,184,440","235,364","1,419,804"
,09,계,327,281,608,"378,833","84,516","463,349","459,188","92,867","552,055","3,513","3,398","6,911","1,305,277","278,036","1,583,313"
,,국적선,138,147,285,"59,118","16,330","75,448","47,345","12,154","59,499",60,40,100,"154,012","40,802","194,814"
,,외국선,189,134,323,"319,715","68,186","387,901","411,843","80,713","492,556","3,453","3,358","6,811","1,151,265","237,235","1,388,499"
,10,계,357,335,692,"400,538","82,356","482,894","488,198","89,015","577,213","3,740","1,829","5,569","1,385,528","264,669","1,650,196"
,,국적선,132,194,326,"65,601","18,509","84,110","55,523","13,701","69,224",40,0,40,"176,803","46,008","222,811"
,,외국선,225,141,366,"334,937","63,847","398,784","432,675","75,314","507,989","3,700","1,829","5,529","1,208,725","218,661","1,427,385"
,11,계,407,402,809,"403,164","85,991","489,155","465,304","102,267","567,571","2,978","1,765","4,743","1,340,676","294,697","1,635,373"
,,국적선,180,251,431,"64,170","19,927","84,097","53,654","14,905","68,559",61,161,222,"171,705","50,225","221,930"
,,외국선,227,151,378,"338,994","66,064","405,058","411,650","87,362","499,012","2,917","1,604","4,521","1,168,971","244,473","1,413,443"
,12,계,373,434,807,"396,525","89,553","486,078","467,733","96,471","564,204","2,757","2,324","5,081","1,338,381","287,941","1,626,322"
,,국적선,151,253,404,"64,743","20,595","85,338","55,768","14,043","69,811",72,50,122,"176,517","48,920","225,437"
,,외국선,222,181,403,"331,782","68,958","400,740","411,965","82,428","494,393","2,685","2,274","4,959","1,161,864","239,021","1,400,885"
2017,01,계,384,355,739,"401,985","86,894","488,879","481,023","92,204","573,227","3,578","1,605","5,183","1,372,274","275,091","1,647,364"
,,국적선,131,195,326,"66,713","22,359","89,072","56,865","15,355","72,220",306,10,316,"181,197","53,189","234,386"
,,외국선,253,160,413,"335,272","64,535","399,807","424,158","76,849","501,007","3,272","1,595","4,867","1,191,077","221,902","1,412,978"
,02,계,368,374,742,"358,568","77,902","436,470","435,268","93,683","528,951","2,893","1,693","4,586","1,235,792","269,269","1,505,061"
,,국적선,162,206,368,"66,818","20,104","86,922","58,232","14,366","72,598",69,35,104,"183,513","49,022","232,536"
,,외국선,206,168,374,"291,750","57,798","349,548","377,036","79,317","456,353","2,824","1,658","4,482","1,052,279","220,247","1,272,526"
,03,계,362,392,754,"430,641","89,474","520,115","505,295","101,141","606,436","2,914","1,423","4,337","1,447,676","295,154","1,742,829"
,,국적선,109,245,354,"70,099","18,306","88,405","58,039","13,667","71,706",69,4,73,"186,094","45,772","231,865"
,,외국선,253,147,400,"360,542","71,168","431,710","447,256","87,474","534,730","2,845","1,419","4,264","1,261,582","249,382","1,510,964"
,04,계,373,347,720,"417,152","95,598","512,750","517,737","109,297","627,034","3,061","1,863","4,924","1,459,700","318,557","1,778,257"
,,국적선,162,190,352,"67,481","20,254","87,735","57,904","14,138","72,042",127,5,132,"183,656","48,636","232,292"
,,외국선,211,157,368,"349,671","75,344","425,015","459,833","95,159","554,992","2,934","1,858","4,792","1,276,044","269,921","1,545,965"
,05,계,289,251,540,"429,477","102,810","532,287","515,968","105,572","621,540","3,134","2,260","5,394","1,468,609","319,165","1,787,774"
,,국적선,130,146,276,"72,856","21,113","93,969","65,586","14,147","79,733",76,95,171,"204,264","49,694","253,958"
,,외국선,159,105,264,"356,621","81,697","438,318","450,382","91,425","541,807","3,058","2,165","5,223","1,264,345","269,471","1,533,816"
,06,계,326,224,550,"420,211","104,573","524,784","494,980","104,718","599,698","3,092","1,574","4,666","1,417,291","317,663","1,734,954"
,,국적선,156,147,303,"65,396","20,523","85,919","58,559","13,844","72,403",169,20,189,"182,972","48,330","231,302"
,,외국선,170,77,247,"354,815","84,050","438,865","436,421","90,874","527,295","2,923","1,554","4,477","1,234,319","269,333","1,503,652"
,07,계,300,276,576,"431,260","99,816","531,076","517,484","95,557","613,041","3,761","1,695","5,456","1,474,840","294,882","1,769,722"
,,국적선,139,175,314,"70,449","21,418","91,867","61,305","13,917","75,222",76,16,92,"193,300","49,376","242,675"
,,외국선,161,101,262,"360,811","78,398","439,209","456,179","81,640","537,819","3,685","1,679","5,364","1,281,541","245,506","1,527,047"
,08,계,316,356,672,"410,134","105,555","515,689","494,104","97,155","591,259","3,354","1,047","4,401","1,406,047","302,398","1,708,444"
,,국적선,170,213,383,"63,623","19,669","83,292","57,216","14,289","71,505",117,57,174,"178,403","48,481","226,885"
,,외국선,146,143,289,"346,511","85,886","432,397","436,888","82,866","519,754","3,237",990,"4,227","1,227,643","253,917","1,481,560"
,09,계,361,307,668,"399,266","96,705","495,971","490,178","93,505","583,683","3,628","2,308","5,936","1,387,966","289,061","1,677,027"
,,국적선,175,170,345,"64,733","16,246","80,979","59,327","13,942","73,269",82,30,112,"183,659","44,283","227,942"
,,외국선,186,137,323,"334,533","80,459","414,992","430,851","79,563","510,414","3,546","2,278","5,824","1,204,307","244,779","1,449,085"
,10,계,329,306,635,"400,152","90,483","490,635","494,926","90,901","585,827","3,482","1,835","5,317","1,398,003","276,567","1,674,570"
,,국적선,155,169,324,"61,525","13,451","74,976","56,045","11,594","67,639",136,57,193,"173,999","36,852","210,850"
,,외국선,174,137,311,"338,627","77,032","415,659","438,881","79,307","518,188","3,346","1,778","5,124","1,224,005","239,715","1,463,720"
,11,계,372,369,741,"423,279","89,861","513,140","501,909","97,266","599,175","2,925",904,"3,829","1,433,864","286,612","1,720,476"
,,국적선,153,211,364,"66,223","14,886","81,109","59,950","13,869","73,819",83,34,117,"186,386","42,806","229,192"
,,외국선,219,158,377,"357,056","74,975","432,031","441,959","83,397","525,356","2,842",870,"3,712","1,247,478","243,806","1,491,284"
,12,계,352,362,714,"419,807","84,579","504,386","518,336","97,979","616,315","3,277","1,001","4,278","1,464,028","282,970","1,746,999"
,,국적선,144,230,374,"65,723","16,022","81,745","61,056","13,055","74,111",95,28,123,"188,121","42,310","230,431"
,,외국선,208,132,340,"354,084","68,557","422,641","457,280","84,924","542,204","3,182",973,"4,155","1,275,908","240,660","1,516,568"
2018,01,계,326,406,732,"399,962","90,734","490,696","501,116","97,600","598,716","3,026",772,"3,798","1,409,166","287,874","1,697,040"
,,국적선,165,273,438,"61,282","15,753","77,035","59,612","13,995","73,607",147,67,214,"180,919","44,030","224,950"
,,외국선,161,133,294,"338,680","74,981","413,661","441,504","83,605","525,109","2,879",705,"3,584","1,228,246","243,844","1,472,090"
,02,계,328,310,638,"387,588","85,990","473,578","495,635","96,539","592,174","3,111",931,"4,042","1,386,022","281,318","1,667,340"
,,국적선,131,180,311,"58,404","14,942","73,346","55,317","12,530","67,847",89,18,107,"169,304","40,133","209,436"
,,외국선,197,130,327,"329,184","71,048","400,232","440,318","84,009","524,327","3,022",913,"3,935","1,216,718","241,185","1,457,903"
,03,계,294,310,604,"417,838","94,838","512,676","510,144","107,177","617,321","2,626","1,470","4,096","1,444,182","312,655","1,756,836"
,,국적선,90,176,266,"62,388","14,732","77,120","59,900","13,404","73,304",94,116,210,"182,445","41,889","224,334"
,,외국선,204,134,338,"355,450","80,106","435,556","450,244","93,773","544,017","2,532","1,354","3,886","1,261,737","270,766","1,532,503"
,04,계,272,351,623,"427,783","91,738","519,521","530,637","100,754","631,391","3,073","1,355","4,428","1,496,107","296,470","1,792,578"
,,국적선,131,204,335,"66,243","14,437","80,680","61,622","11,674","73,296",125,10,135,"189,834","37,910","227,743"
,,외국선,141,147,288,"361,540","77,301","438,841","469,015","89,080","558,095","2,948","1,345","4,293","1,306,274","258,561","1,564,834"
,05,계,276,322,598,"456,199","101,529","557,728","558,943","104,217","663,160","3,270","1,458","4,728","1,581,581","313,405","1,894,985"
,,국적선,125,182,307,"66,458","15,140","81,598","58,188","12,612","70,800",115,54,169,"183,155","40,577","223,732"
,,외국선,151,140,291,"389,741","86,389","476,130","500,755","91,605","592,360","3,155","1,404","4,559","1,398,425","272,828","1,671,253"
,06,계,301,278,579,"437,105","96,897","534,002","544,211","97,340","641,551","3,365","1,392","4,757","1,533,249","294,848","1,828,097"
,,국적선,148,157,305,"58,856","13,713","72,569","53,416","10,361","63,777",90,14,104,"165,965","34,545","200,510"
,,외국선,153,121,274,"378,249","83,184","461,433","490,795","86,979","577,774","3,275","1,378","4,653","1,367,284","260,303","1,627,587"
,07,계,304,251,555,"441,593","90,014","531,607","557,312","95,403","652,715","3,635","1,582","5,217","1,564,548","284,505","1,849,053"
,,국적선,176,147,323,"60,239","13,940","74,179","54,485","10,882","65,367",71,27,98,"169,457","35,838","205,295"
,,외국선,128,104,232,"381,354","76,074","457,428","502,827","84,521","587,348","3,564","1,555","5,119","1,395,091","248,667","1,643,758"
,08,계,288,287,575,"414,275","91,512","505,787","534,892","89,918","624,810","3,643","1,455","5,098","1,492,400","274,761","1,767,161"
,,국적선,138,170,308,"53,772","13,816","67,588","50,348","10,167","60,515",74,56,130,"154,704","34,361","189,065"
,,외국선,150,117,267,"360,503","77,696","438,199","484,544","79,751","564,295","3,569","1,399","4,968","1,337,696","240,400","1,578,097"
,09,계,314,265,579,"432,481","89,265","521,746","562,442","94,448","656,890","3,857","1,581","5,438","1,566,200","281,851","1,848,051"
,,국적선,142,165,307,"59,576","13,931","73,507","53,484","11,175","64,659",69,20,89,"166,770","36,409","203,179"
,,외국선,172,100,272,"372,905","75,334","448,239","508,958","83,273","592,231","3,788","1,561","5,349","1,399,430","245,442","1,644,872"
,10,계,312,338,650,"423,311","88,943","512,254","551,479","92,374","643,853","3,493","1,301","4,794","1,534,284","276,787","1,811,072"
,,국적선,145,215,360,"65,158","13,986","79,144","59,537","12,139","71,676",96,33,129,"184,521","38,446","222,966"
,,외국선,167,123,290,"358,153","74,957","433,110","491,942","80,235","572,177","3,397","1,268","4,665","1,349,764","238,342","1,588,105"
,11,계,355,373,728,"442,035","96,451","538,486","579,065","110,362","689,427","3,907","1,803","5,710","1,609,133","321,418","1,930,552"
,,국적선,151,217,368,"63,127","16,229","79,356","60,556","11,980","72,536",77,45,122,"184,488","40,399","224,887"
,,외국선,204,156,360,"378,908","80,222","459,130","518,509","98,382","616,891","3,830","1,758","5,588","1,424,646","281,020","1,705,665"
,12,계,341,360,701,"425,205","86,121","511,326","545,664","103,320","648,984","3,612",906,"4,518","1,524,831","294,980","1,819,810"
,,국적선,155,215,370,"61,488","15,494","76,982","59,325","12,821","72,146",61,74,135,"180,353","41,410","221,763"
,,외국선,186,145,331,"363,717","70,627","434,344","486,339","90,499","576,838","3,551",832,"4,383","1,344,478","253,570","1,598,047"
2019,01,계,315,358,673,"410,363","87,282","497,645","539,076","112,695","651,771","3,495",833,"4,328","1,496,536","314,725","1,811,262"
,,국적선,142,192,334,"58,094","12,170","70,264","54,385","12,004","66,389",36,43,79,"167,016","36,371","203,387"
,,외국선,173,166,339,"352,269","75,112","427,381","484,691","100,691","585,382","3,459",790,"4,249","1,329,520","278,355","1,607,875"
,02,계,295,213,508,"366,466","79,395","445,861","495,711","106,711","602,422","3,156","1,541","4,697","1,365,137","296,391","1,661,527"
,,국적선,86,89,175,"50,475","13,177","63,652","50,629","11,277","61,906",64,23,87,"151,920","35,827","187,747"
,,외국선,209,124,333,"315,991","66,218","382,209","445,082","95,434","540,516","3,092","1,518","4,610","1,213,217","260,564","1,473,780"
,03,계,312,337,649,"436,456","93,468","529,924","559,673","114,093","673,766","2,960","1,067","4,027","1,562,618","324,223","1,886,841"
,,국적선,79,21,100,"62,966","14,419","77,385","60,030","11,594","71,624",78,32,110,"183,241","37,690","220,931"
,,외국선,233,316,549,"373,490","79,049","452,539","499,643","102,499","602,142","2,882","1,035","3,917","1,379,377","286,534","1,665,911"
,04,계,320,449,769,"414,591","93,157","507,748","555,083","117,579","672,662","3,040",889,"3,929","1,531,757","330,540","1,862,297"
,,국적선,138,198,336,"56,623","14,126","70,749","55,334","11,548","66,882",52,62,114,"167,477","37,461","204,938"
,,외국선,182,251,433,"357,968","79,031","436,999","499,749","106,031","605,780","2,988",827,"3,815","1,364,280","293,079","1,657,359"
,05,계,274,341,615,"429,426","98,329","527,755","575,594","114,110","689,704","3,693",734,"4,427","1,589,060","328,371","1,917,431"
,,국적선,124,193,317,"56,194","13,770","69,964","53,858","11,832","65,690",26,42,68,"164,031","37,625","201,656"
,,외국선,150,148,298,"373,232","84,559","457,791","521,736","102,278","624,014","3,667",692,"4,359","1,425,030","290,746","1,715,776"
,06,계,285,277,562,"426,565","89,605","516,170","561,719","99,329","661,048","3,563",663,"4,226","1,558,162","289,893","1,848,056"
,,국적선,149,156,305,"56,387","13,616","70,003","54,149","11,616","65,765",22,35,57,"164,809","37,005","201,814"
,,외국선,136,121,257,"370,178","75,989","446,167","507,570","87,713","595,283","3,541",628,"4,169","1,393,353","252,889","1,646,242"
,07,계,318,317,635,"420,430","96,189","516,619","570,108","113,268","683,376","3,534","1,262","4,796","1,568,757","325,723","1,894,480"
,,국적선,166,191,357,"59,637","14,931","74,568","61,155","11,954","73,109",188,87,275,"182,453","39,130","221,583"
,,외국선,152,126,278,"360,793","81,258","442,051","508,953","101,314","610,267","3,346","1,175","4,521","1,386,304","286,593","1,672,896"
,08,계,270,325,595,"409,441","95,594","505,035","550,983","106,316","657,299","3,510","1,547","5,057","1,519,440","311,869","1,831,309"
,,국적선,122,141,263,"56,746","13,811","70,557","54,968","12,634","67,602",107,129,236,"166,984","39,440","206,424"
,,외국선,148,184,332,"352,695","81,783","434,478","496,015","93,682","589,697","3,403","1,418","4,821","1,352,456","272,430","1,624,885"
,09,계,247,261,508,"379,691","80,851","460,542","512,231","103,970","616,201","3,096","1,921","5,017","1,411,243","293,244","1,704,486"
,,국적선,103,129,232,"56,114","14,313","70,427","54,180","11,148","65,328",118,36,154,"164,791","36,755","201,546"
,,외국선,144,132,276,"323,577","66,538","390,115","458,051","92,822","550,873","2,978","1,885","4,863","1,246,452","256,489","1,502,941"
,10,계,315,413,728,"408,479","90,184","498,663","573,790","111,742","685,532","3,422","2,218","5,640","1,563,916","318,865","1,882,781"
,,국적선,126,209,335,"59,355","14,882","74,237","59,149","10,923","70,072",89,74,163,"177,916","36,999","214,915"
,,외국선,189,204,393,"349,124","75,302","424,426","514,641","100,819","615,460","3,333","2,144","5,477","1,386,000","281,866","1,667,865"
,11,계,285,401,686,"401,318","91,310","492,628","547,028","113,641","660,669","3,115","1,436","4,551","1,502,525","322,024","1,824,549"
,,국적선,123,208,331,"63,423","15,681","79,104","63,578","12,762","76,340",143,86,229,"190,962","41,503","232,465"
,,외국선,162,193,355,"337,895","75,629","413,524","483,450","100,879","584,329","2,972","1,350","4,322","1,311,563","280,521","1,592,084"
,12,계,329,411,740,"411,857","85,881","497,738","563,797","115,452","679,249","3,258","1,354","4,612","1,546,946","320,037","1,866,983"
,,국적선,145,220,365,"61,909","15,782","77,691","63,221","13,515","76,736",108,61,169,"188,667","43,059","231,726"
,,외국선,184,191,375,"349,948","70,099","420,047","500,576","101,937","602,513","3,150","1,293","4,443","1,358,280","276,978","1,635,257"
2020,01,계,300,330,630,"381,550","80,597","462,147","544,655","120,289","664,944","4,013","1,600","5,613","1,480,039","324,940","1,804,979"
,,국적선,153,198,351,"52,247","13,463","65,710","52,663","12,211","64,874",111,27,138,"157,899","38,045","195,944"
,,외국선,147,132,279,"329,303","67,134","396,437","491,992","108,078","600,070","3,902","1,573","5,475","1,322,140","286,895","1,609,035"
,02,계,308,364,672,"364,998","92,545","457,543","507,354","126,595","633,949","3,102","1,743","4,845","1,386,840","349,839","1,736,678"
,,국적선,135,191,326,"48,595","13,936","62,531","46,109","10,135","56,244",68,50,118,"141,034","34,414","175,448"
,,외국선,173,173,346,"316,403","78,609","395,012","461,245","116,460","577,705","3,034","1,693","4,727","1,245,806","315,425","1,561,231"
,03,계,319,132,451,"452,651","100,339","552,990","586,502","125,656","712,158","3,186","1,436","4,622","1,632,982","354,948","1,987,930"
,,국적선,105,55,160,"58,675","12,370","71,045","56,810","11,496","68,306",34,21,55,"172,424","35,437","207,861"
,,외국선,214,77,291,"393,976","87,969","481,945","529,692","114,160","643,852","3,152","1,415","4,567","1,460,558","319,511","1,780,069"
,04,계,257,77,334,"405,806","90,645","496,451","530,711","130,765","661,476","2,631","1,681","4,312","1,473,262","355,996","1,829,258"
,,국적선,109,21,130,"51,701","12,922","64,623","51,233","11,812","63,045",73,39,112,"154,386","36,644","191,030"
,,외국선,148,56,204,"354,105","77,723","431,828","479,478","118,953","598,431","2,558","1,642","4,200","1,318,877","319,352","1,638,228"
,05,계,243,41,284,"382,021","87,289","469,310","515,058","119,159","634,217","2,679","1,028","3,707","1,418,284","327,941","1,746,225"
,,국적선,121,21,142,"50,561","13,400","63,961","51,943","11,791","63,734",84,81,165,"154,697","37,175","191,871"
,,외국선,122,20,142,"331,460","73,889","405,349","463,115","107,368","570,483","2,595",947,"3,542","1,263,588","290,766","1,554,354"
,06,계,246,31,277,"381,379","76,527","457,906","537,419","108,510","645,929","2,760",970,"3,730","1,462,546","295,745","1,758,291"
,,국적선,131,11,142,"52,289","13,007","65,296","55,601","11,871","67,472",51,37,88,"163,671","36,838","200,509"
,,외국선,115,20,135,"329,090","63,520","392,610","481,818","96,639","578,457","2,709",933,"3,642","1,298,875","258,907","1,557,782"
,07,계,258,65,323,"386,708","68,785","455,493","546,823","103,055","649,878","3,345",926,"4,271","1,488,004","277,011","1,765,015"
,,국적선,132,35,167,"52,525","12,020","64,545","55,039","12,408","67,447",103,26,129,"162,901","36,912","199,813"
,,외국선,126,30,156,"334,183","56,765","390,948","491,784","90,647","582,431","3,242",900,"4,142","1,325,104","240,099","1,565,203"
,08,계,242,68,310,"362,749","75,760","438,509","555,287","92,175","647,462","3,442",868,"4,310","1,481,189","262,097","1,743,286"
,,국적선,91,13,104,"55,718","10,323","66,041","61,588","13,939","75,527",168,17,185,"179,318","38,246","217,563"
,,외국선,151,55,206,"307,031","65,437","372,468","493,699","78,236","571,935","3,274",851,"4,125","1,301,871","223,851","1,525,722"
,09,계,265,87,352,"367,890","67,572","435,462","559,069","86,720","645,789","2,695",920,"3,615","1,492,224","243,126","1,735,350"
,,국적선,113,31,144,"55,082","10,393","65,475","55,929","12,018","67,947",105,61,166,"167,233","34,582","201,815"
,,외국선,152,56,208,"312,808","57,179","369,987","503,140","74,702","577,842","2,590",859,"3,449","1,324,992","208,544","1,533,535"
,10,계,280,128,408,"393,348","75,388","468,736","617,193","95,560","712,753","2,966","1,466","4,432","1,634,548","269,871","1,904,418"
,,국적선,122,35,157,"64,911","12,805","77,716","76,412","13,222","89,634",350,90,440,"218,584","39,469","258,053"
,,외국선,158,93,251,"328,437","62,583","391,020","540,781","82,338","623,119","2,616","1,376","3,992","1,415,964","230,402","1,646,366"
,11,계,304,126,430,"415,676","72,900","488,576","623,895","93,559","717,454","3,764",974,"4,738","1,672,087","262,273","1,934,360"
,,국적선,128,37,165,"64,283","14,223","78,506","63,894","14,052","77,946",206,67,273,"192,599","42,496","235,095"
,,외국선,176,89,265,"351,393","58,677","410,070","560,001","79,507","639,508","3,558",907,"4,465","1,479,489","219,776","1,699,265"
,12,계,354,135,489,"409,521","78,152","487,673","594,798","95,512","690,310","3,273","1,024","4,297","1,606,658","271,548","1,878,206"
,,국적선,150,55,205,"59,181","12,599","71,780","56,561","13,417","69,978",103,101,204,"172,610","39,688","212,298"
,,외국선,204,80,284,"350,340","65,553","415,893","538,237","82,095","620,332","3,170",923,"4,093","1,434,049","231,860","1,665,908"
2021,01,계,326,127,453,"410,886","72,350","483,236","584,207","95,403","679,610","2,587","1,097","3,684","1,585,284","265,688","1,850,972"
,,국적선,164,43,207,"61,776","14,434","76,210","61,966","12,600","74,566",276,138,414,"186,411","39,966","226,377"
,,외국선,162,84,246,"349,110","57,916","407,026","522,241","82,803","605,044","2,311",959,"3,270","1,398,873","225,722","1,624,595"
,02,계,307,106,413,"360,369","78,545","438,914","538,208","82,775","620,983","2,023",530,"2,553","1,441,490","245,341","1,686,831"
,,국적선,158,60,218,"61,080","15,725","76,805","60,930","11,198","72,128",263,63,326,"183,611","38,293","221,904"
,,외국선,149,46,195,"299,289","62,820","362,109","477,278","71,577","548,855","1,760",467,"2,227","1,257,880","207,048","1,464,927"
,03,계,342,141,483,"441,492","86,655","528,147","631,366","110,086","741,452","1,718",730,"2,448","1,708,261","308,540","2,016,801"
,,국적선,103,59,162,"68,725","15,362","84,087","67,915","11,032","78,947",47,39,86,"204,712","37,543","242,256"
,,외국선,239,82,321,"372,767","71,293","444,060","563,451","99,054","662,505","1,671",691,"2,362","1,503,548","270,997","1,774,545"
,04,계,318,80,398,"414,005","83,266","497,271","627,882","98,624","726,506","2,578","1,086","3,664","1,675,729","282,998","1,958,726"
,,국적선,144,44,188,"64,535","17,981","82,516","71,492","12,812","84,304",175,86,261,"207,985","43,821","251,805"
,,외국선,174,36,210,"349,470","65,285","414,755","556,390","85,812","642,202","2,403","1,000","3,403","1,467,744","239,177","1,706,921"
,05,계,312,120,432,"421,063","84,269","505,332","641,635","108,289","749,924","2,669","1,499","4,168","1,710,494","304,280","2,014,774"
,,국적선,139,49,188,"66,774","17,108","83,882","70,464","15,051","85,515",241,176,417,"208,314","47,631","255,944"
,,외국선,173,71,244,"354,289","67,161","421,450","571,171","93,238","664,409","2,428","1,323","3,751","1,502,181","256,649","1,758,830"
,06,계,295,54,349,"405,534","79,704","485,238","622,270","92,787","715,057","2,319","1,166","3,485","1,655,439","267,929","1,923,368"
,,국적선,177,21,198,"58,777","14,854","73,631","64,651","10,902","75,553",64,50,114,"188,312","36,781","225,093"
,,외국선,118,33,151,"346,757","64,850","411,607","557,619","81,885","639,504","2,255","1,116","3,371","1,467,128","231,148","1,698,275"
,07,계,360,88,448,"409,080","79,058","488,138","638,306","94,154","732,460","2,563",983,"3,546","1,691,639","269,622","1,961,261"
,,국적선,190,43,233,"68,528","17,115","85,643","81,371","16,390","97,761",310,132,442,"232,063","50,214","282,276"
,,외국선,170,45,215,"340,552","61,943","402,495","556,935","77,764","634,699","2,253",851,"3,104","1,459,576","219,408","1,678,985"
,08,계,285,104,389,"391,559","66,468","458,027","604,249","82,179","686,428","2,508",632,"3,140","1,605,843","232,300","1,838,143"
,,국적선,125,47,172,"62,543","12,947","75,490","65,364","9,754","75,118",259,52,311,"193,916","32,596","226,512"
,,외국선,160,57,217,"329,016","53,521","382,537","538,885","72,425","611,310","2,249",580,"2,829","1,411,926","199,705","1,611,631"
,09,계,300,114,414,"371,287","69,407","440,694","600,860","74,308","675,168","2,388","1,036","3,424","1,578,530","220,411","1,798,941"
,,국적선,137,53,190,"61,221","12,694","73,915","58,301","10,137","68,438",91,94,185,"178,096","33,206","211,302"
,,외국선,163,61,224,"310,066","56,713","366,779","542,559","64,171","606,730","2,297",942,"3,239","1,400,434","187,205","1,587,639"
,10,계,341,97,438,"416,526","79,892","496,418","644,973","93,666","738,639","2,399",723,"3,122","1,712,040","268,899","1,980,940"
,,국적선,146,43,189,"60,318","11,102","71,420","61,762","10,357","72,119",172,42,214,"184,302","31,932","216,234"
,,외국선,195,54,249,"356,208","68,790","424,998","583,211","83,309","666,520","2,227",681,"2,908","1,527,738","236,967","1,764,706"
,11,계,325,100,425,"391,524","69,775","461,299","590,943","80,607","671,550","2,037",556,"2,593","1,578,156","232,290","1,810,446"
,,국적선,140,51,191,"64,403","15,888","80,291","67,062","11,691","78,753",279,30,309,"199,225","39,363","238,588"
,,외국선,185,49,234,"327,121","53,887","381,008","523,881","68,916","592,797","1,758",526,"2,284","1,378,931","192,927","1,571,858"
,12,계,332,122,454,"401,909","72,990","474,899","597,857","94,103","691,960","1,954",662,"2,616","1,602,184","262,747","1,864,930"
,,국적선,157,65,222,"65,042","15,339","80,381","61,754","11,935","73,689",34,55,89,"188,705","39,365","228,070"
,,외국선,175,57,232,"336,867","57,651","394,518","536,103","82,168","618,271","1,920",607,"2,527","1,413,479","223,381","1,636,860"
2022,01,계,286,97,383,"409,265","78,030","487,295","633,007","102,415","735,422","2,763",983,"3,746","1,681,639","285,120","1,966,759"
,,국적선,140,54,194,"63,972","15,143","79,115","66,985","12,199","79,184",260,39,299,"198,597","39,656","238,253"
,,외국선,146,43,189,"345,293","62,887","408,180","566,022","90,216","656,238","2,503",944,"3,447","1,483,042","245,465","1,728,506"
,02,계,262,101,363,"353,444","73,572","427,016","553,544","100,316","653,860","2,751",826,"3,577","1,466,853","276,113","1,742,966"
,,국적선,128,67,195,"59,697","15,649","75,346","68,078","15,036","83,114",304,138,442,"196,601","46,065","242,666"
,,외국선,134,34,168,"293,747","57,923","351,670","485,466","85,280","570,746","2,447",688,"3,135","1,270,252","230,048","1,500,300"
,03,계,291,81,372,"399,015","80,878","479,893","588,111","106,952","695,063","1,851",577,"2,428","1,579,547","296,121","1,875,668"
,,국적선,108,26,134,"64,086","16,349","80,435","68,181","12,016","80,197",26,47,73,"200,561","40,500","241,060"
,,외국선,183,55,238,"334,929","64,529","399,458","519,930","94,936","614,866","1,825",530,"2,355","1,378,987","255,621","1,634,608"
,04,계,290,106,396,"393,337","74,465","467,802","606,796","106,022","712,818","1,529","1,048","2,577","1,610,514","288,920","1,899,434"
,,국적선,137,32,169,"60,169","12,053","72,222","65,263","10,726","75,989",91,91,182,"190,968","33,726","224,694"
,,외국선,153,74,227,"333,168","62,412","395,580","541,533","95,296","636,829","1,438",957,"2,395","1,419,546","255,194","1,674,740"
,05,계,249,118,367,"410,531","80,561","491,092","626,255","106,057","732,312","1,814","1,378","3,192","1,667,247","295,835","1,963,082"
,,국적선,111,40,151,"63,857","15,529","79,386","76,259","14,113","90,372",88,190,278,"216,629","44,203","260,831"
,,외국선,138,78,216,"346,674","65,032","411,706","549,996","91,944","641,940","1,726","1,188","2,914","1,450,619","251,632","1,702,251"
,06,계,268,76,344,"370,105","70,601","440,706","594,036","88,235","682,271","1,524",640,"2,164","1,561,740","248,549","1,810,289"
,,국적선,168,41,209,"61,217","14,433","75,650","71,773","12,428","84,201",111,123,234,"205,097","39,586","244,683"
,,외국선,100,35,135,"308,888","56,168","365,056","522,263","75,807","598,070","1,413",517,"1,930","1,356,643","208,963","1,565,606"
,07,계,287,140,427,"421,035","76,621","497,656","655,231","95,982","751,213","2,167","1,577","3,744","1,736,516","272,203","2,008,720"
,,국적선,135,76,211,"66,059","14,456","80,515","77,781","12,517","90,298",61,222,283,"221,826","40,028","261,853"
,,외국선,152,64,216,"354,976","62,165","417,141","577,450","83,465","660,915","2,106","1,355","3,461","1,514,691","232,176","1,746,866"
,08,계,252,90,342,"384,970","82,068","467,038","607,672","101,664","709,336","1,996",657,"2,653","1,604,931","286,919","1,891,850"
,,국적선,124,44,168,"64,959","15,465","80,424","69,690","11,966","81,656",100,14,114,"204,626","39,451","244,077"
,,외국선,128,46,174,"320,011","66,603","386,614","537,982","89,698","627,680","1,896",643,"2,539","1,400,305","247,469","1,647,774"
,09,계,260,89,349,"325,338","61,701","387,039","497,750","86,692","584,442","1,207",526,"1,733","1,323,684","236,313","1,559,997"
,,국적선,107,40,147,"49,830","11,903","61,733","57,208","11,221","68,429",74,168,242,"164,466","34,743","199,209"
,,외국선,153,49,202,"275,508","49,798","325,306","440,542","75,471","516,013","1,133",358,"1,491","1,159,218","201,570","1,360,788"
,10,계,299,108,407,"375,754","77,737","453,491","582,701","101,848","684,549","1,533","1,385","2,918","1,544,755","284,603","1,829,358"
,,국적선,150,60,210,"65,633","13,136","78,769","71,933","12,670","84,603",56,121,177,"209,700","38,778","248,478"
,,외국선,149,48,197,"310,121","64,601","374,722","510,768","89,178","599,946","1,477","1,264","2,741","1,335,055","245,825","1,580,880"
,11,계,329,139,468,"365,284","79,772","445,056","561,176","108,449","669,625","1,608",580,"2,188","1,491,419","298,045","1,789,463"
,,국적선,134,56,190,"61,704","13,627","75,331","71,912","10,857","82,769",73,2,75,"205,759","35,374","241,133"
,,외국선,195,83,278,"303,580","66,145","369,725","489,264","97,592","586,856","1,535",578,"2,113","1,285,659","262,671","1,548,330"
,12,계,306,164,470,"356,837","84,259","441,096","538,829","107,935","646,764","1,487","1,069","2,556","1,437,994","302,616","1,740,610"
,,국적선,134,68,202,"57,693","13,657","71,350","64,800","12,375","77,175",50,58,108,"187,473","38,572","226,044"
,,외국선,172,96,268,"299,144","70,602","369,746","474,029","95,560","569,589","1,437","1,011","2,448","1,250,521","264,045","1,514,566"
2023,01,계,264,256,520,"387,543","75,158","462,701","585,382","98,968","684,350","2,337","1,061","3,398","1,563,697","275,609","1,839,307"
,,국적선,97,115,212,"62,741","13,818","76,559","62,912","11,593","74,505",47,52,99,"188,719","37,179","225,898"
,,외국선,167,141,308,"324,802","61,340","386,142","522,470","87,375","609,845","2,290","1,009","3,299","1,374,978","238,431","1,613,409"
,02,계,279,251,530,"367,563","84,337","451,900","540,005","110,665","650,670","1,552",742,"2,294","1,451,205","307,462","1,758,667"
,,국적선,128,142,270,"55,650","15,283","70,933","62,012","11,416","73,428",52,101,153,"179,855","38,413","218,268"
,,외국선,151,109,260,"311,913","69,054","380,967","477,993","99,249","577,242","1,500",641,"2,141","1,271,350","269,049","1,540,398"
,03,계,238,227,465,"431,843","87,713","519,556","639,373","136,092","775,465","2,003","1,023","3,026","1,715,215","362,312","2,077,527"
,,국적선,95,94,189,"67,038","15,809","82,847","75,816","15,132","90,948",89,91,180,"218,918","46,325","265,243"
,,외국선,143,133,276,"364,805","71,904","436,709","563,557","120,960","684,517","1,914",932,"2,846","1,496,297","315,988","1,812,285"
,04,계,239,235,474,"413,782","81,357","495,139","630,050","131,224","761,274","1,932",982,"2,914","1,678,349","346,132","2,024,481"
,,국적선,95,114,209,"60,461","15,391","75,852","63,724","15,172","78,896",94,49,143,"188,168","45,902","234,070"
,,외국선,144,121,265,"353,321","65,966","419,287","566,326","116,052","682,378","1,838",933,"2,771","1,490,181","300,230","1,790,410"
,05,계,224,261,485,"399,275","85,537","484,812","622,065","127,155","749,220","2,019",844,"2,863","1,648,060","341,877","1,989,936"
,,국적선,102,125,227,"57,110","16,321","73,431","57,835","13,735","71,570",72,57,129,"172,993","43,982","216,975"
,,외국선,122,136,258,"342,165","69,216","411,381","564,230","113,420","677,650","1,947",787,"2,734","1,475,067","297,895","1,772,962"
,06,계,209,230,439,"381,692","86,202","467,894","592,366","121,538","713,904","1,855",920,"2,775","1,570,702","331,463","1,902,165"
,,국적선,113,123,236,"64,124","14,974","79,098","67,793","12,380","80,173",110,48,158,"200,014","39,904","239,918"
,,외국선,96,107,203,"317,568","71,228","388,796","524,573","109,158","633,731","1,745",872,"2,617","1,370,688","291,560","1,662,248"
,07,계,247,240,487,"382,099","74,783","456,882","605,024","111,013","716,037","2,481",754,"3,235","1,597,853","298,551","1,896,404"
,,국적선,149,157,306,"64,864","15,499","80,363","67,567","12,358","79,925",152,111,263,"200,415","40,504","240,919"
,,외국선,98,83,181,"317,235","59,284","376,519","537,457","98,655","636,112","2,329",643,"2,972","1,397,438","258,047","1,655,485"
,08,계,241,278,519,"371,123","79,794","450,917","605,798","111,600","717,398","2,331",926,"3,257","1,588,084","305,217","1,893,301"
,,국적선,102,100,202,"63,415","16,542","79,957","65,402","13,273","78,675",67,24,91,"194,421","43,192","237,613"
,,외국선,139,178,317,"307,708","63,252","370,960","540,396","98,327","638,723","2,264",902,"3,166","1,393,664","262,025","1,655,688"
,09,계,207,332,539,"383,906","83,291","467,197","623,338","122,410","745,748","2,299",609,"2,908","1,635,858","329,647","1,965,506"
,,국적선,86,156,242,"65,372","16,277","81,649","68,929","15,819","84,748",102,40,142,"203,503","48,083","251,586"
,,외국선,121,176,297,"318,534","67,014","385,548","554,409","106,591","661,000","2,197",569,"2,766","1,432,356","281,564","1,713,920"
,10,계,215,353,568,"368,390","80,554","448,944","601,033","119,555","720,588","1,913",560,"2,473","1,574,868","321,101","1,895,968"
,,국적선,89,182,271,"63,075","16,442","79,517","69,833","12,847","82,680",143,39,182,"203,107","42,315","245,422"
,,외국선,126,171,297,"305,315","64,112","369,427","531,200","106,708","637,908","1,770",521,"2,291","1,371,761","278,786","1,650,546"
,11,계,249,332,581,"389,579","83,255","472,834","624,452","132,766","757,218","2,089",624,"2,713","1,643,308","350,357","1,993,665"
,,국적선,104,179,283,"68,558","17,042","85,600","77,730","16,403","94,133",129,54,183,"224,360","50,059","274,419"
,,외국선,145,153,298,"321,021","66,213","387,234","546,722","116,363","663,085","1,960",570,"2,530","1,418,948","300,298","1,719,246"
,12,계,240,343,583,"381,422","87,146","468,568","600,775","119,277","720,052","2,251","1,141","3,392","1,588,144","328,439","1,916,583"
,,국적선,112,161,273,"66,825","16,201","83,026","72,300","16,107","88,407",88,65,153,"211,679","48,642","260,321"
,,외국선,128,182,310,"314,597","70,945","385,542","528,475","103,170","631,645","2,163","1,076","3,239","1,376,465","279,797","1,656,262"
2024,01,계,216,270,486,"392,940","88,743","481,683","620,075","131,063","751,138","2,449","1,193","3,642","1,638,708","353,688","1,992,397"
,,국적선,105,146,251,"70,559","18,281","88,840","76,070","18,291","94,361",147,76,223,"223,082","55,107","278,189"
,,외국선,111,124,235,"322,381","70,462","392,843","544,005","112,772","656,777","2,302","1,117","3,419","1,415,626","298,581","1,714,207"
,02,계,221,300,521,"359,867","75,355","435,222","601,469","115,786","717,255","3,064","1,060","4,124","1,569,810","309,462","1,879,272"
,,국적선,107,158,265,"72,510","15,872","88,382","81,692","16,750","98,442",169,78,247,"236,328","49,627","285,954"
,,외국선,114,142,256,"287,357","59,483","346,840","519,777","99,036","618,813","2,895",982,"3,877","1,333,482","259,836","1,593,317"
,03,계,232,237,469,"412,659","92,504","505,163","659,018","156,440","815,458","1,745","1,256","3,001","1,734,737","408,329","2,143,066"
,,국적선,15,18,33,"71,191","15,540","86,731","71,346","13,674","85,020",69,140,209,"214,046","43,212","257,258"
,,외국선,217,219,436,"341,468","76,964","418,432","587,672","142,766","730,438","1,676","1,116","2,792","1,520,692","365,117","1,885,808"
,04,계,215,344,559,"401,094","88,478","489,572","644,991","129,001","773,992","2,276","1,418","3,694","1,696,305","349,843","2,046,147"
,,국적선,81,180,261,"70,661","19,239","89,900","74,537","15,850","90,387",182,134,316,"220,185","51,331","271,516"
,,외국선,134,164,298,"330,433","69,239","399,672","570,454","113,151","683,605","2,094","1,284","3,378","1,476,120","298,512","1,774,632"
,05,계,210,306,516,"400,781","80,902","481,683","675,318","128,183","803,501","2,810","1,278","4,088","1,757,845","340,297","2,098,141"
,,국적선,79,160,239,"67,704","15,546","83,250","80,129","15,922","96,051",323,289,612,"228,728","48,120","276,849"
,,외국선,131,146,277,"333,077","65,356","398,433","595,189","112,261","707,450","2,487",989,"3,476","1,529,116","292,176","1,821,293"
,06,계,229,288,517,"410,476","84,004","494,480","665,457","128,359","793,816","2,786",999,"3,785","1,747,773","343,114","2,090,887"
,,국적선,86,153,239,"70,330","17,954","88,284","87,699","15,490","103,189",200,116,316,"246,221","49,272","295,493"
,,외국선,143,135,278,"340,146","66,050","406,196","577,758","112,869","690,627","2,586",883,"3,469","1,501,552","293,842","1,795,394"
,07,계,237,297,534,"403,577","85,075","488,652","678,440","126,456","804,896","2,665","1,130","3,795","1,766,572","340,670","2,107,242"
,,국적선,135,181,316,"64,598","20,947","85,545","73,828","18,515","92,343",110,253,363,"212,569","58,629","271,198"
,,외국선,102,116,218,"338,979","64,128","403,107","604,612","107,941","712,553","2,555",877,"3,432","1,554,003","282,041","1,836,044"
,08,계,185,236,421,"388,434","82,777","471,211","661,982","124,595","786,577","2,439","1,219","3,658","1,717,978","334,828","2,052,806"
,,국적선,83,112,195,"64,022","19,690","83,712","73,286","19,998","93,284",148,165,313,"210,969","60,113","271,082"
,,외국선,102,124,226,"324,412","63,087","387,499","588,696","104,597","693,293","2,291","1,054","3,345","1,507,010","274,715","1,781,724"
,09,계,197,302,499,"358,499","71,669","430,168","602,931","116,717","719,648","2,315",991,"3,306","1,569,668","307,484","1,877,152"
,,국적선,90,163,253,"64,763","15,588","80,351","74,050","13,798","87,848",171,109,280,"213,293","43,511","256,804"
,,외국선,107,139,246,"293,736","56,081","349,817","528,881","102,919","631,800","2,144",882,"3,026","1,356,376","263,973","1,620,349"
,10,계,251,335,586,"389,702","73,497","463,199","664,677","124,471","789,148","2,287","1,092","3,379","1,724,327","325,064","2,049,391"
,,국적선,104,158,262,"73,258","15,556","88,814","87,403","15,153","102,556",146,57,203,"248,445","46,069","294,514"
,,외국선,147,177,324,"316,444","57,941","374,385","577,274","109,318","686,592","2,141","1,035","3,176","1,475,883","278,994","1,754,877"
,11,계,211,291,502,"385,384","70,068","455,452","639,332","127,818","767,150","2,262","1,337","3,599","1,669,243","328,858","1,998,101"
,,국적선,90,148,238,"67,127","15,686","82,813","71,138","16,593","87,731",109,156,265,"209,693","49,297","258,990"
,,외국선,121,143,264,"318,257","54,382","372,639","568,194","111,225","679,419","2,153","1,181","3,334","1,459,550","279,561","1,739,111"
,12,계,244,347,591,"402,558","79,164","481,722","671,113","117,382","788,495","2,692","1,047","3,739","1,750,963","316,457","2,067,420"
,,국적선,112,185,297,"69,780","16,160","85,940","83,412","11,521","94,933",289,137,426,"237,310","39,603","276,913"
,,외국선,132,162,294,"332,778","63,004","395,782","587,701","105,861","693,562","2,403",910,"3,313","1,513,653","276,855","1,790,507"
